{"cameraMode":{"drawMode":0,"name":"Shaded","section":"Shading Mode"},"sceneLighting":true,"audioPlay":false,"sceneViewState":{"m_AlwaysRefresh":false,"showFog":true,"showSkybox":true,"showFlares":true,"showImageEffects":true,"showParticleSystems":true,"showVisualEffectGraphs":true,"m_FxEnabled":true},"in2DMode":false,"pivot":{"x":2.1966631412506105,"y":0.31961649656295779,"z":2.091153860092163},"rotation":{"x":-0.026989184319972993,"y":0.9280842542648315,"z":-0.068626269698143,"w":-0.36499589681625368},"size":4.265571594238281,"orthographic":false}